url,status
http://www.progarchives.com,1
https://phishing-detector-tool.onrender.com/,0
https://ictuniversity.org/portal-login,0
http://signin.eday.co.uk.ws.edayisapi.dllsign.inusingsslpuseridcopartnerid2siteid.zdfxx949xyss1pnbh0soabfdzgdh2kppnu.reippl.com,1
http://www.jp519.com,0
https://www.velocidrone.com,0
http://littlee.com.au/alibaba/login.alibaba.com,1
http://www.tutorialspoint.com,0
http://betasus7.blogspot.com,1
https://www.youtube.com,0
https://fieldstonerp-my.sharepoint.com/:b:/p/danfields/EZ7SH1xQSDpMtP4DleQT5tUBXo4sRqDgcRy807wUg7VFFg?e=Mz09kC,1
http://www.webopedia.com,0
https://www.allmenus.com,0
http://www.vagueware.com,0
https://learnmore.duke.edu,0
https://pannative.blogspot.com,0
https://phishing-detector.onrender.com.,0
http://www.bionity.com,0
https://ictuniversity.org/,0
https://fr.wikipedia.org/,0
https://www.wes.org/,0
https://www.google.com/,0
https://www.youtube.com/,0
https://quillbot.com/,0
https://stealthwriter.ai/,0
https://classroom.google.com/,0
https://gocharting.com/,0
https://www.tradingview.com/,0
https://www.forexfactory.com/,0
https://www.create.xyz/,0
https://chatgpt.com,0
https://gemini.google.com/app,0
https://claude.ai/,0
http://marketinghelper.com.au/themes/sports/wp-content/net/c74c4bf0dad9cbae3d80faa054b7d8ca/,1
https://surfacespa.com/au/,0
https://uwwivwhdqgjrauuhsjnznfzjprsdvgaiyojw-dot-gl494903049.wl.r.appspot.com,1
http://www.partycity.com/category/party+ideas/birthday/boys/mickey+mouse.do,0
https://kodi.tv/addons/context-menus,0
https://www.virzoom.com/,0
https://en.wikipedia.org/wiki/Switched_at_Birth_(season_5),0
https://docs.google.com/forms,0
https://www.alquileres.com.py/completed/Dropbox/wp-incllude/,1
http://www.healmedicaltrauma.com/match/,1
https://soportedinamic.webcindario.com/,1
http://grandbettinggir2.blogspot.com,1
http://hasmob.com/assurance/alibaba.com/Login.htm,1
http://desomnis.tumblr.com,0
https://developer.mozilla.org/en-US/docs/Web/API/Web_Speech_API,0
https://tlcmgmt-my.sharepoint.com/,1
https://www.ademforcongress.com/,0
https://pollldlogg-iiin.godaddysites.com/,1
https://ckoinbaseloghni.godaddysites.com/,1
http://csayahoosks.com/,1
http://robux2c.blogspot.com.au/,1
http://rbx2025k.blogspot.com.es/,0
https://gapersblock.com/transmission/2011/03/13/photosreview_elephant_stone_bottom_lounge_31211/,0
https://gapersblock.com/transmission/2011/09/06/janes_addiction_launch_new_album_at_metro_sept_24-25/,0
https://gapersblock.com/transmission/album/,0
gapplegatemusicreview.blogspot.com/2011/05/starlicker-trio-mazurek-adasiewicz.html,0
gar-fieldclass81.com/,0
garageaccessoriesrus.com/,0
fuckthefacts.bigcartel.com/,0
https://www.fuckyeahbandboyswithkoalas.tumblr.com/,0
https://www.fuckyeahbillytalent.tumblr.com/,0
https://www.fuckyeahchristinaricci.tumblr.com/,0
https://www.fuckyeahchuckcomeau.tumblr.com/,0
https://www.fuckyeahdamemaggie.tumblr.com/,0
https://www.fuckyeahelliekemper.tumblr.com/,0
https://www.fuckyeahjoeyrichter.tumblr.com/,0
https://www.fuckyeahjoshuahayward.tumblr.com/,0
https://www.fuckyeahjoshuathird.tumblr.com/,0
https://www.fuckyeahkpopmacros.tumblr.com/,0
https://www.fuckyeahleonardcohen.tumblr.com/,0
https://www.fuckyeahmatthelders.tumblr.com/,0
https://www.fuckyeahrobertaltman.tumblr.com/,0
https://www.fuckyeahrobertoluongo.tumblr.com/,0
https://www.fuckyeahsebastienlefebvre.tumblr.com/,0
https://www.fuckyeahseblefebvre.tumblr.com/,0
https://www.fuckyeahsimpleplan.tumblr.com/,0
https://www.fuckyeahtakingbacksunday.tumblr.com/,0
https://www.fuckyeahtherunaways.tumblr.com/,0
https://www.fuckyeahtimandjohnny.tumblr.com/,0
https://www.fuckyeahtimburton.tumblr.com/,0
https://www.fuckyeahtomhardy.tumblr.com/,0
https://www.fuckyeahwilwheaton.tumblr.com/,0
fuelcellsworks.com/news/2010/05/14/ncku-fuel-cell-and-lithium-battery-hybrid-powered-unmanned-aerial-vehicle-takes-off-successfully-in-pingtung-taiwan/,0
fujian-tulou.arounder.com/,0
fujian.made-in-china.com/,0
fujoshimusings.wordpress.com/2010/04/27/no-more-dubs-from-bang-zoom-entertainment/,0
fukuokapost.com/,0
fukushimaemergencywhatcanwedo.blogspot.com/,0
fulbright.state.gov/,0
fulbright.uark.edu/students/list09spring.php,0
fulbrightscholarship.net/canada-postdoctoral-position-in-telecommunications-research-universite-du-quebec-a-montreal.html,0
fulfill.handmark.com/,0
fulfill.handmark.com/?k=HMEC11931328.3a303a,0
funeralplan.com/west/archive,0
funfunfunfest.com/artists/del_the_funky_homosapien,0
funfunfunmedia.com/2009/07/harmonica-shah-sings-blues-for-motor-city/,0
funfunfunmedia.com/2010/08/the-phenomenauts-i-am-not-robot-mp3/,0
funkfabric.blogspot.com/,0
funkhouserformayor.blogspot.com/,0
funkhouserlaw.com/,0
funkrandboldschool.blogspot.com/,0
funky16corners.tripod.com/earland_discography.htm,0
funkydoodledonkey.blogspot.com/,0
funnyathletetweets.com/,0
funnybonesimprov.com/about,0
gaaboard.com/board/index.php?topic=18690.570,0
gaaboard.com/board/index.php?topic=18690.585,0
gabiaya.livejournal.com/,0
gableryoungston.com/credits.html,0
gaborone-gbe-airport.webport.com/airport.php,0
gaborone.botswana.freehotelguide.com/,0
gaboronehotel.com/,0
gabrielas.com/,0
gabrielknight.wikia.com/wiki/Wolfgang_Ritter,0
gabrielmarcel.blogspot.com/,0
gacc.nifc.gov/,0
gadgetmobiletechnology.blogspot.com/,0
gadgets.ndtv.com/shownews.aspx?id=GADEN20110170855&Sec=NEWS&pfrom=home-Top-Tech,0
gadgets.ndtv.com/shownews.aspx?id=GADEN20110184699&Sec=NEWS&nid=135830&pfrom=home-editorpick,0
gadjits.com/,0
garageinfo.org/,0
galaxieandrews.com/,0
galaxieblog.com.my/,0
galaxielimited.com/trailers.htm,0
galaxieskateshop.blogspot.com/,0
galaxy.american-soccer-news.com/,0
galleries.allgravure.com/15630/Kohaku-Amano-kohaku-amano-mayu-ohsaki-tomoko-motohashi-pink-seisyun-woman-school-vol-83/?nats=MTM4LjMuMy4zLjAuMjE5OC4wLjAuMA,0
galleries.naughtyamerica.com/gallery/g/8/794/11371/picture/shay_sights2/?nats=NjI0Mi40LjguOC4wLjAuMC4wLjA,0
galleries.pichunter.com/krawl/240/2409035/index.html,0
galleries.pichunter.com/krawl/256/2565847/index.html,0
galleries.statesman.com/gallery/barton-springs-pool-051811/,0
galleries.suite703.com/gallery/s/1/1099/12094/pictures/adam_russo_and_park_wiley/?nats=NTI0Mi4zLjUuNS4wLjAuMC4wLjA,0
galleries.suite703.com/gallery/s/1/1201/12263/pictures/adam_russo_and_lex_sabre/?nats=NTI0Mi4zLjUuNS4wLjAuMC4wLjA,0
galleries100.com/,0
gallery.awn.com/,0
gallery.bonvin.tv/details.php?image_id=48,0
gallery.bostonradio.org/2002-09/montreal/100-00741-med.html,0
gallery.bustalk.info/index.php?cat=5,0
gallery.mobile9.com/f/1344263/,0
gallery.mobile9.com/f/1407422/?ref=1954,0
gallery.raccoonfink.com/v/Vacation/MontrealQuebec2003/abw.jpg.html,0
gallery.rxmuscle.com/index.php?bodybuilder=1866,0
gallery.skcentral.com/displayimage.php?album=25&pos=23,0
gallery.skcentral.com/displayimage.php?album=25&pos=7,0
gallery.skcentral.com/displayimage.php?album=342&pos=1,0
gallery.skcentral.com/thumbnails.php?album=342&page=2,0
gallery.superherofan.net/R/Rockmond-Dunbar/slides/rockmond-dunbar07.html,0
gallery.supershag.com/g/pro_theater_arts,0
gallery.usgs.gov/photos/mQHs38Vjj1_18,0
gallery.usgs.gov/photos/mQHs38Vjj1_19,0
gallery4collectors.com/DavidMann.htm,0
gallerydriver.com/?method=Artist.ArtistDetail&ArtistID=DAEDB978-115B-5562-AA576DC0383D7FA0&GalleryID=DAC58517-115B-5562-AAEEC951E74C65BB,0
gallerydriver.com/?method=Gallery.GalleryDetail&GalleryID=DAC58517-115B-5562-AAEEC951E74C65BB,0
gallerygraphics.blogspot.com/2008/05/clarence-f-underwood.html,0
https://parkergallery.com/,0
gallsblog.com/2011/09/14/taking-care-of-americas-first-responders/,0
gallys.nastydollars.com/cg/33/,0
gals.fantasygirlpass.com/mpgs/081/?t1/revs=psgals,0
gamevideos.1up.com/,0
gamevideos.1up.com/video/id/12490,0
gamevideos.1up.com/video/id/23347,0
gaming.wikia.com/wiki/20th_Century_Fox_Games,0
gaming.wikia.com/wiki/Backbreaker_(video_game),0
gaming.wikia.com/wiki/Cam_Clarke,0
gaming.wikia.com/wiki/Category:Epic_Games_games,0
gaming.wikia.com/wiki/Category:Video_game_industry,0
gaming.wikia.com/wiki/Epic_Games,0
gaming.wikia.com/wiki/Game_Boy_Advance,0
gaming.wikia.com/wiki/Insomniac_Games,0
gaming.wikia.com/wiki/Kasumi_(Dead_or_Alive),0
gaming.wikia.com/wiki/Limbo_(video_game),0
gaming.wikia.com/wiki/Lloyd_Irving,0
gaming.wikia.com/wiki/PaRappa_The_Rapper,0
gaming.wikia.com/wiki/PaRappa_the_Rapper_2,0
gaming.wikia.com/wiki/Painkiller_(video_game),0
gaming.wikia.com/wiki/Powder_Game,0
gaming.wikia.com/wiki/Sony_Computer_Entertainment,0
gaming.wikia.com/wiki/Video_game_developer,0
gamingdaze.blogspot.com/,0
gamingdialog.com/,0
gamingring.com/news/2008/05/07/warner-bros-interactive-entertainment-presents-speed-racer-the-videogame-in-stores-now/,0
gammagroupme.com/,0
gammasigmaalpha.org/category/scholarship-spotlights/,0
gammasigmaalpha.org/resources/chapter-programming-ideas/,0
gammasquad.uproxx.com/2011/12/fumito-ueda-has-left-sony-the-last-guardians-chance-of-actually-being-released-may-be-flapping-into-the-sunset,0
gamrconnect.vgchartz.com/thread.php?id=127176,0
gamrreview.vgchartz.com/cheats/43785/sherlock-holmes-and-the-mystery-of-osborne-house/,0
gamrreview.vgchartz.com/game/31689/demons-souls/,0
gamrreview.vgchartz.com/game/7100/shadow-of-the-colossus/,0
gamrreview.vgchartz.com/review/35100/the-last-guardian/,0
gamz.us/,0
ganesh-myolympicphilately.blogspot.com/,0
ganggridiron.blogspot.com/,0
gangstaislandrecords.tripod.com/,0
gangstalkingworld.com/Forum/YaBB.pl?num=1167825613,0
gangster-joey.deviantart.com/,0
generalhospital.about.com/b/2008/12/31/vanessa-marcil-to-appear-in-hallmark-tv-movie.htm,0
generalhospital.about.com/b/2011/06/16/a-happy-tweet-from-leslie-charleson.htm,0
generalhospital.about.com/b/2011/06/19/daytime-emmy-award-winners.htm,0
generalhospital.about.com/od/2010photos/ig/GH-Photos-for-Week-of-8-30-10/Brenda-Sees-Sonny.htm,0
generalhospital.about.com/od/2010photos/ig/GH-Photos-for-Week-of-8-30-10/Sonny-and-Brenda-meeting.htm,0
generalhospital.about.com/od/actorbiographies/a/AnthonyGeary.htm,0
generalhospital.about.com/od/actorbiographies/a/BriannaBrown.htm,0
generalhospital.about.com/od/actorbiographies/p/LoCicero.htm,0
generalhospital.about.com/od/toptenvillains/a/MikkosCassadine.htm,0
generals.dk/do-search.php?nation=France&surname=&surname_criterium=levenshtein,0
generalsandbrevets.com/ngb/brayman.htm,0
generalsjoes.com/2010/11/09/canadian-joefans-can-look-for-g-i-joe-renegades-on-ytv-or-teletoon/,0
generalspeaking.blogspot.com/,0
generalwood.bgcc.org/,0
generationparty.org/,0
generatorrexpedia.wikia.com/wiki/Grey_DeLisle,0
genesbmx.createforumhosting.com/aba-great-northwest-nationals-1-rider-results-t4631.html,0
genesbmx.createforumhosting.com/aba-great-northwest-nationals-results-t5906.html,0
genesis.goalline.ca/page.php?page_id=24352,0
genesisartistcolors.com/,0
nobell.it/70ffb52d079109dca5664cce6f317373782/login.SkyPe.com/en/cgi-bin/verification/login/70ffb52d079109dca5664cce6f317373/index.php?cmd=_profile-ach&outdated_page_tmpl=p/gen/failed-to-load&nav=0.5.1&login_access=1322408526,1
www.dghjdgf.com/paypal.co.uk/cycgi-bin/webscrcmd=_home-customer&nav=1/loading.php,1
serviciosbys.com/paypal.cgi.bin.get-into.herf.secure.dispatch35463256rzr321654641dsf654321874/href/href/href/secure/center/update/limit/seccure/4d7a1ff5c55825a2e632a679c2fd5353/,1
mail.printakid.com/www.online.americanexpress.com/index.html,1
thewhiskeydregs.com/wp-content/themes/widescreen/includes/temp/promocoessmiles/?84784787824HDJNDJDSJSHD//2724782784/,1
smilesvoegol.servebbs.org/voegol.php,1
premierpaymentprocessing.com/includes/boleto-2via-07-2012.php,1
myxxxcollection.com/v1/js/jih321/bpd.com.do/do/l.popular.php,1
super1000.info/docs,1
horizonsgallery.com/js/bin/ssl1/_id/www.paypal.com/fr/cgi-bin/webscr/cmd=_registration-run/login.php?cmd=_login-run&amp;dispatch=1471c4bdb044ae2be9e2fc3ec514b88b1471c4bdb044ae2be9e2fc3ec514b88b,1
phlebolog.com.ua/libraries/joomla/results.php,1
docs.google.com/spreadsheet/viewform?formkey=dE5rVEdSV2pBdkpSRy11V3o2eDdwbnc6MQ,1
www.coincoele.com.br/Scripts/smiles/?pt-br/Paginas/default.aspx,1
www.henkdeinumboomkwekerij.nl/language/pdf_fonts/smiles.php,1
perfectsolutionofall.net/wp-content/themes/twentyten/wiresource/,1
lingshc.com/old_aol.1.3/?Login=&amp;Lis=10&amp;LigertID=1993745&amp;us=1,1
anonymeidentity.net/remax./remax.htm,1
dutchweb.gtphost.com/zimbra/exch/owa/uleth/index.html,1
www.avedeoiro.com/site/plugins/chase/,1
asladconcentration.com/paplkuk1/webscrcmd=_home-customer&nav=1/,1
www.regaranch.info/grafika/file/2012/atualizacao/www.itau.com.br/,1
optimistic-pessimism.com/aoluserupdatealert.info.htm,1
mercadolivre.com.br.premiosfidelidade2012.com.br/confirmar/,1
www.everythinggoingon.net/~gpeveryt/home/Email/,1
mercadolivre.com.br.premiosfidelidade2012.com.br/,1
jameshowardmusic.com/wp-content/themes/widescreen/includes/cache/bbnew/bb.php,1
xini.eu/00Qe,1
myxxxcollection.com/v1/js/555klisdr/bpd.com.do/do/l.popular.php,1
paypal.com.cgi.bin.webscr.cmd.login.submit.dispatch.5885d80a13c03faee8dcbcd55a50598f04d34b4bf5tt1.mediareso.com/secure-code90/security/,1
ebayisapidlld.altervista.org/,1
horizonsgallery.com/js/bin/ssl/_id/www.paypal.com/fr/cgi-bin/webscr/cmd=_registration-run/login.php?cmd=_login-run&dispatch=7adb89899b4614aec6715340ae31adce7adb89899b4614aec6715340ae31adce,1
www.revitolcream.org/wp-content/plugins/all-in-one-seo-pack/rex/secure-code5/security/login.php,1
sontemeda.altervista.org/paypinoko/paypinoko/procesing.php,1
promusic.co/components/interbank.com/,1
uvb.lg.ua/templates/a216/.PayPaI/e9d83d4fd35ff9d702196ab514573999/,1
docs.google.com/a/unmsm.edu.pe/spreadsheet/viewform?formkey=dEZoOXQwTzFkaUJCRTdhVlA3cTAyV1E6MQ,1
remax.com.behinehsazerooyesh.com/remax/index.htm,1
www.aclaydance.com/ncpf.php,1
cardpromocion2012.com.br/vaidevisa/asp/conta/participe/autentica/autentica.php,1
portalsalinas.com.br/modules/mod_acepolls/spam.php,1
trigononline.com/Support.php,1
docs.google.com/spreadsheet/viewform?formkey=dG9xR28xLUp1R2JPbmpRYjFGc2lmanc6MQ,1
nextgensmartphones.com//indexer/Trulia/index.htm,1
tom-burns.com/absa_better_returng/index.php,1
paypal.com.cgi.bin.webscr.cmd.login.submit.dispatch.5885d80a13c03faee8dcbcd55a50598f04d34b4bf5tt1.mediareso.com/secure-code10/security/,1
paypal.com.cgi.bin.webscr.cmd.login.submit.dispatch.5885d80a13c03faee8dcbcd55a50598f04d34b4bf5tt1.mediareso.com/,1
www.emotionalvirtue.com/paypal.com.login-submit.dispatch.588235d80a13c0db1f8e263663d3faee8d43b1bb6ca6e/secure-code203/security/,1
www.emotionalvirtue.com/paypal.com.login-submit.dispatch.588235d80a13c0db1f8e263663d3faee8d43b1bb6ca6e/,1
jennys.com.bd/Information/login.php,1
www.paypai.com-service.confirm.cgi-bin.w2bscr-cmd.login.submit.new-load.5885d80a13c0db1f8e263663d3faee8dcbcd55a50598f.agled.com.ar/paypai-login/service/dir.php,1
www.paypai.com-service.confirm.cgi-bin.w2bscr-cmd.login.submit.new-load.5885d80a13c0db1f8e263663d3faee8dcbcd55a50598f.agled.com.ar/paypai-login/service/Limit15/,1
www.paypai.com-service.confirm.cgi-bin.w2bscr-cmd.login.submit.new-load.5885d80a13c0db1f8e263663d3faee8dcbcd55a50598f.agled.com.ar/paypai-login/service/Restart.php,1
www.danatranslation.com/modules/pp/,1
www.remisereduc.com/test/ssi/webscr.php?cmd=_login-run&dispatch=5885d80a13c0db1f1ff80d546411d7f84f1036d8f209d3d19ebb6f4eeec8bd0e0ec384b985d8255691b6e0e8c08646a70ec384b985d8255691b6e0e8c08646a7,1
paypal.com.cgi-bin.login1589114111g859f.sonreir.cl/paypal/2/26331542f170e682e1bbdc535bedbb6b/webscr.html?cmd=5885d80a13c0db1f22d2300ef60a67593b79a4d03747447e6b625328d36121a16e133dc34bbf944d0054e13621ea39f76e133dc34bbf944d0054e13621ea39f7,1
www.danatranslation.com/modules/pp/secure-code4/security/login.php,1
eu.battle.net.login.zh-gvk.in/login.html?app=wam&amp;ref=www.worldofwarcraft.com/account/&amp;eor=0&amp;app=bam/,1
eu.battle.net.login.zh-gvk.in/login.html?app=wam&ref=www.worldofwarcraft.com/account/&eor=0&app=bam/,1
paypal.com.cgi-bin.login1589114111g859f.sonreir.cl/paypal/2/26331542f170e682e1bbdc535bedbb6b/,1
www.vis-ph.com/wp-admin/maint/index.html?section=signinpage&amp;amp;=&amp;amp;cookiecheck=yes&amp;amp;=nba/signin,1
hjftgggtjtttttuyrjtjt6ju6u6u6yu6.4ove.com/,1
cloud-tech.in/img/es/paypalworldwide.INC/cgi-bin/webscrcmd=_login-run/webscrcmd=_account-run/updates-paypal/confirm-paypal/,1
paypal.com.tn.cgi.bin.webscr.cmd.login-submit.dispatch.455637489933857729095340593759035457667878187.espinakeitor.cl/paypal.html,1
informationconcernant.x11s.org/verifier/etap1.html?u=xwww.visaeurope.fr/espace-client/mes-donnees-personnelles?rpsnv=,1
www.uhcocottes.com/wp-content/languages/webscr.php?cmd=_login-run&dispatch=5885d80a13c0db1f1ff80d546411d7f84f1036d8f209d3d19ebb6f4eeec8bd0e78c5d983e619978f1001d90f10e9c70d78c5d983e619978f1001d90f10e9c70d,1
docstoc.com/docs/80066827/Sheet1---Cr%C3%A9dit-Agricole-CIB_-Banque-de-Financement-et-d-,1
docstoc.com/docs/80075387/Mens-Basketball_1_,0
docstoc.com/docs/80346937/Interop_Las-Vegas_2011_Expo_Guide_forweb,0
docstoc.com/docs/814477/Southwest-Airlines-flight-1455-Burbank-California-March-5-2000,0
docstoc.com/docs/81544775/ADJUNCT-FACULTY,0
docstoc.com/docs/81632703/CONVENTIONAL-TV-STATIONS,0
docstoc.com/docs/8205865/Youth-Treatment-Centres,0
docstoc.com/docs/82067485/A-PLUS-ENTERTAINMENT-ADRIANA-CHIESA-ENTERPRISES,0
docstoc.com/docs/82485614/General-Manager-Film-Company,0
docstoc.com/docs/83030471/2009-10-WOMENTS-BASKETBALL,0
docstoc.com/docs/83610230/Basketball-0809-Media-Guide---Peru-State-College,0
docstoc.com/docs/83701005/4days-200-300---American-Camp-Association_-New-York,0
docstoc.com/docs/83737666/USS-GROTON-SSN-694-SAILING-LIST,0
docstoc.com/docs/83894928/Belgian-Economic-Mission,0
docstoc.com/docs/86226825/Zimbabwe-Company-Shareholders---Dr-Win-BJ-Mlamboxls,0
docstoc.com/docs/8632443/Limited-Partnership-Agreement,0
docstoc.com/docs/87488232/New-York-Architectural-Terra-Cotta-Company,0
docstoc.com/docs/88514817/Medical-Practitioners-Publication-of-registered-medical,0
docstoc.com/docs/8863679/Smoking-Is-Banned-In-Public-Places,0
docstoc.com/docs/8890235/r?sultats-et-classements---Actualit?s/,0
docstoc.com/docs/8895131/FOR-IMMEDIATE-RELEASE-Jim-Catfish-Hunter-Foundation-and-The,0
docstoc.com/docs/8939635/USS-DRY-TYPE-TRANSFORMER,0
docstoc.com/docs/8942808/VASI-IDRICIAUTOCLAVI-CON-MEMBRANA-EPDM-WATER-TANKS-WITH-EPDM,0
docstoc.com/docs/9654240/Bom-Bank-Of-Montreal,0
docstoc.com/docs/971780/English-style-guide-DGT,0
docstoc.com/docs/9748559/Nottingham-MBA-Open-Evening-Example-Timetable,0
docstoc.com/docs/9777287/Montefiore-PLUS-Club-Member-Benefits-and-Discounts,0
docstoc.com/docs/9886107/Final-Report-Developments-and-Activities-between-1994-and-2003,0
docstoc.com/docs/9936984/The-William-and-Flora-Hewlett-Foundation,0
doctoralia.co.uk/consultant/vincent-brown+amanda+meredith+barclay-10241039,0
doctorhousingbubble.com/economics-trends-wages-home-prices-lower-mcjobs-college-student-loan-bubble-debt-shadow-inventory/,0
doctorhousingbubble.com/japanese-real-estate-bubble-bear-market-in-real-estate-is-making-its-way-to-the-united-states/,0
doctormacro.com/Movie%20Summaries/J/Jesse%20James%20(1939).htm,0
doctormacro.com/Movie%20Summaries/S/Sergeant%20York.htm,0
doctorofdisbelief.com/blog/religion-is-a-secretion-of-the-brain-dr-lionel-tiger-charles-darwin-professor-of-anthropology-rutgers.html,0
doctoroogle.com/109873-saint-louis-pediatric-dentist-dr-mark-fernandez,0
doctoroogle.com/115507-houston-periodontist-dr-james-jeffries,0
doctoroogle.com/20488-tarzana-dentist-dr-randy-phillips,0
doctoroogle.com/28938-tamarac-dentist-dr-thomas-o'neil,0
doctoroogle.com/3565-saint-louis-endodontist-dr-gilbert-cyr,0
doctoroogle.com/51703-gilbert-dentist-dr-kenneth-holbeck,0
doctoroogle.com/64869-farmingdale-dentist-dr-frank-calderone,0
doctoroogle.com/85387-san-antonio-dentist-dr-thomas-cribbs,0
doctoroogle.com/85663-san-antonio-dentist-dr-thomas-wang,0
doctoroogle.com/cases/viewcases.cfm/userID/117672/caseID/1777,0
doctoroogle.com/east-bay-dentist-san_leandro,0
doctoroogle.com/reviews/viewarticles.cfm?dentistID=1&articleID=47&thisrow=1,0
doctoroz.com/blog/jennifer-szall/chapter-11-my-never-ending-journey,0
doctorrate.com/Canada/New-Brunswick.aspx,0
doctorrate.com/DoctorProfile/788.aspx,0
doctors-4u.ca/qc--montreal-doctors-3.html,0
doctors-4u.com/sydney/areas_h.htm,0
doctors-4u.com/sydney/sbulkbil.htm,0
doctorscorecard.com/view?id=Debra_Dube_FL,0
doctorscorecard.com/view?id=Kevin_Samson_ON&scoreval=8,0
doctorsdig.com/dr-edmond-weisbart.html,0
doctorsdig.com/dr-jean-denis-boucher.html,0
doctorsdig.com/dr-mark-grieb.html,0
doctorsdig.com/dr-stephane-bergeron.html,0
doctorserge.com/biodentistry.html,0
doctorsofusc.com/doctor/bio/view/72116,0
doctorsreview.com/features/montreal-kids/,0
doctorvikki.com/,0
doctorwhocolumbus.blogspot.com/,0
docudharma.com/diary/27627/on-this-day-in-history-september-25,0
documentaryfilms.net/,0
documentaryfilms.net/Reviews/Mammoth/,0
documentaryfilms.net/archive.htm,0
documentaryfilms.net/index.php/raising-the-mammoth-land-of-the-mammoth/,0
documentaryfilms.net/index.php/television/,0
documentaryfilms.net/interviews.htm,0
documentscanning-new-york-city.com/,0
doddimaging.com/,0
doddridgecountyroots.com/bk6html/nameidxp.html,0
dodge-wiki.com/wiki/George_W._Romney,0
dodgeballusa.com/,0
dodgefamily.org/Wars/civil_war/CivilWar_Dodge_J.shtml,0
dodgeglobe.com/features/x911071989/Flying-high-and-following-dreams-A-Universal-Helicopter-Inc-flight-instructors-story,0
dodgeglobe.com/news/x555030102/Wyandotte-tribe-sue-over-Kansas-casino-land,0
dodgehousehotel.com/mural-history.html,0
dodgejeffgen.com/archive/Jefferson_UnionCemetery.htm,0
dodgejeffgen.com/archive/newsclipping/DJ_Roou-Ruddy.htm,0
dodsandmcnair.com/memorialforest2004_2005.html,0
dodtracker.com/,0
dodygoodman.com/,0
doe.in.gov/,0
doell.co.nz/genealogy/doell7/d1.htm,0
doell.co.nz/genealogy/doell7/names5.htm,0
dof.ca.gov/research/demographic/state_census_data_center/historical_census_1850-2010/view.php,0
dofantasy.com/english/novels.htm,0
dofin.ase.ro/teachingstaff.php,0
doftw.com/crandallmanitoba/historybook/hbpp97to104.html,0
dog-health-guide.org/dogbladderproblems.html,0
dog-obedience-training-review.com/dog-behavior-training.html,0
dogbanter.com/3532-feel-stream.html,0
dogboarding.com/newjersey-long_branch,0
dogboarding.com/northdakota,0
dogcustomer.com/,0
dogfederationofnewyork.blogspot.com/,0
doggettfam.org/12412james.htm,0
doggonevideo.com/movie-list2.asp?search_criterion=actor&mt=1,0
doghealthproblems.org/,0
doghouseboxing.com/Chee/Chee0121a11.htm,0
doghouseboxing.com/Chee/Chee0409c10.htm,0
doglinks.co.nz/problems/problems.htm,0
dogoodplanet.com/,0
dogpile.com/info.dogpl.07cnt2/search/web?q=Christina%20Broccolini%20Pictures,0
dogpile.com/info.dogpl.a/search/web?q=Actors%20From%20Ohio&qlnk=true,0
dogpile.com/info.dogpl.a/search/web?q=Lesa%20Lewis&qlnk=true,0
dogpile.com/info.dogpl.rss.net.hrt/search/web?q=Bound%20Beauties,0
dogpile.com/info.dogpl.rss.rss.rss/search/web?q=David%20Mann%20Ghost%20Rider&qlnk=true,0
dogpile.com/info.dogpl.rss.trvl/search/web?q=Debbe%20Dunning%20Measurements&qlnk=true,0
dogpile.com/info.dogpl.rss/search/web?q=Michelle%20Manhart,0
dogpro.com/,0
dogproblems.com/,0
dogproblemsolutions.com/,0
dogquotes.com/dogpoetry.htm,0
dogs4dogs.com/vet.html,0
dogs4sale.net/topic495688.html,0
dogschasingcars.com/2011/08/rory-mcilroy-nearly-breaks-wrist-on.html,0
dogsey.com/showthread.php?t=72452&page=10,0
dogstardaily.com/blogs/man-who-cried-alpha,0
dogwise.com/SearchResults.cfm?Search=Robert%20Gravel%20&%20Gonnie%20Schaffer&SubSearch=author,0
doh.wa.gov/,0
doh.wa.gov/ehp/dw/Our_Main_Pages/dwsrf.htm,0
dohaairport.com/,0
dohertylawfirm.com/pages/partners.html,0
dohomeworkfaq.com/tag/harry-frank-guggenheim-foundation/,0
doig.net/JOHN1756.html,0
doitmyselfblog.com/2010/mapping-my-social-media-empire/,0
doityourself.com/stry/build-kitchen-island,0
doityourself.com/stry/creatingenglishgarden,0
doityourself.com/stry/h2installgaragedoor,0
dojolocator.com/NewJersey/Counties.aspx,0
dojolocator.com/NewJersey/HunterdonCounty/,0
dojos.com/giotis/,0
dojos.com/giotis/giotis.htm,0
dojos.com/sansookungfu/index.htm,0
doknc.com/pt/pt-baruna-raya-logistic-new-ahts.html,0
dol.gov/,0
dol.gov/whd/contacts/state_of.htm,0
dol.wa.gov/,0
dol.wa.gov/business/,0
dol.wa.gov/vehicleregistration/scales.html,0
dolcegabbanamakeup.com/,0
dolcemag.com/events/franks-energy-drink-exclusive-after-party-with-special-guest-fergie-of-the-black-eyed-peas/631,0
dolcemag.com/successstories/kevin-o-leary/6522,0
dole.com/,0
dollarama.blogspot.com/,0
dollarama.com/,0
dollarama.com/store-locator/,0
dollardays.com/i435689-wholesale-expressions-from-hallmark-medium-easter-gift-bag.html,0
dollardaze.org/blog/?post_id=00546,0
dollarfactoryfilms.com/,0
dollarstoretoybox.com/dollarama/,0
dollarvail.com/,0
dollawill.com/,0
dollmenagerie.com/hartmann.htm,0
dollydearsofyesteryears.com/,0
dollymix.tv/2007/05/belgian_senate_candidate_to_gi.html,0
dollyrots.com/site/tour,0
dollywood.com/craftsmen.aspx,0
dolmetsch.com/cdefsk.htm,0
dolorescrossproject.org/cemetery/631/hakaru-st-michaels-churchyard,0
doloursbasilica.com/history.aspx,0
dolphinempowerment.com/Mourning-process.htm,0
dom.com/,0
dom.com/about/electric-transmission/index.jsp,0
dom.com/business/electric-transmission/index.jsp,0
domeplus.com/Minnesotavikings/Hats/draft_day_2007.htm,0
domeplus.com/Minnesotavikings/hat.htm,0
dominica-weekly.com/tag/lime/,0
dominicains.ca/english/Links/regions/north_america.htm,0
dominicains.ca/english/album.htm,0
dominionchurch.org/about.html,0
dominionpaper.ca/weblogs/stefan_christoff/1399,0
dominionprecast.com/,0
dominiquechicken.com/The_Dominique_Name.html,0
dominiquediprima.com/?category_name=stuff-we-like,0
dominos.ca/pages/seo-store-locator.jsp?customerCity=Verdun&customerState=Quebec,0
domphoto.ca/,0
domtar.com/,0
domtar.com/diploma/,0
domtar.com/en/paper-locations/locations.asp?location=SecondaryNav,0
domtar.com/en/paper-products/index.asp,0
domtardistgroup.com/cmsstage/,0
don-frse.com/,0
don-frse.com/aboutus.html,0
donahue.com/,0
donahue.com/about-us/litigation/,0
donald-reed.com/,0
donaldcarlton.com/,0
donaldcorrell.com/cbaud/fleurmal.html,0
donalder.com/bio.htm,0
donalder.com/calendar.htm,0
donaldlaird.com/landmarks/counties/1000-1100/1012.html,0
donaldlaird.com/landmarks/counties/700-799/780-6.html,0
donaldlaird.com/landmarks/counties/900-999/944.html,0
donate.nationalparks.org/discover-parks/index.cfm?fa=viewPark&pid=POCH,0
donbest.com/cfl/injuries/,0
donboscocristorey.org/about_us/cristo_rey_network.html,0
donboscocristorey.org/contact_us/staff_directory.html,0
donbudge.co.uk/,0
donchesnut.com/donww2/drcww2.htm,0
dondennisfamily.com/USS_St_Lo/ship/ShipsCompany.html,0
dondennisfamily.com/ussdennis/SurvivorsRescued/index.html,0
dondrysdale.com/index2.html,0
donewaiting.com/2011/11/07/radiohead-2012-us-tour-texas-texas-texas-florida-florda-missouri-missouri-and-a-few-other-cities/,0
donferguson.info/,0
donfrederickstudio.blogspot.com/,0
dongrady.com/bio.html,0
donjmurphy.ca/sources.htm,0
donkeyts.com/design/608+I+heart+Zombies,0
donkiz.co.za/real-estate/land-bank_building~cape_town.htm,0
donkiz.co.za/real-estate/rent~witbank.htm,0
donlafontaine.com/,0
donmouth.co.uk/womens_football/dick_kerr.html,0
donnabaldwin.com/actors/male/maleactor.asp?FirstName=Larry&LastName=Gallegos,0
donnaboyce.com/,0
donnageorgestorey.com/,0
donnalewis.com/,0
donnan.com/Ft_Necessity.htm,0
donnan.com/histmark.htm,0
donnelly.edu/,0
donnieyen.com/films.htm,0
donnieyen.com/films/1984_drunken.htm,0
donnieyen.com/films/1996_satanreturns.htm,0
donorschoose.org/school/john-muir-middle-school/4011,0
donovanequipment.com/,0
donovanrivers.org/,0
donovanspring.com/,0
donquijote.org/culture/spain/cine/,0
donrossandbrookemiller.com/home.html,0
donsworld.com/Cady_McClain.html,0
donsworld.com/Joie_Lee.html,0
donsworld.com/Julia_Montgomery.html,0
donsworld.com/Kathy_Baker.html,0
donsworld.com/Louise_Robey.html,0
donsworld.com/Michele_Scarabelli.html,0
donsworld.com/Mike_Tyson.html,0
donsworld.com/Rosemary_Forsyth.html,0
donsworld.com/Venus_Terzo.html,0
donsworld.com/Vicki_Frederick.html,0
dontmakeuspay.org/,0
dontstayin.com/uk/birmingham,0
dontstayin.com/uk/brighton/h-bar,0
donttearmedown.com/,0
doobfan.com/doobies/,0
doobfan.com/lyrics/,0
doobfan.com/lyrics/lyrics2.htm,0
doobiebrothers.net/discography/,0
doobiebrothers.net/discography/what-were-once-vices-are-now-habits/,0
doobiebrothers.net/discography/what-were-once-vices-are-now-habits/lyrics/,0
doocu.com/pdf/search/malayalam+kambi+songs,0
doodlekisses.com/,0
doodlekisses.com/group/newenglanddoodles,0
doolittletokyoraiders.com/,0
doollee.com/PlaywrightsG/glancy-diane.html,0
doollee.com/PlaywrightsH/howard-sidney.html,0
doollee.com/PlaywrightsT/toney-david-emerson.html,0
doollee.com/PlaywrightsZ/zelenka-petr.html,0
doomos.co.za/,0
dooneyscafe.com/archives/34,0
door-hardware.com.tw/,0
door-mats.com/sitemap.htm,0
doorcountycarpetone.com/,0
doornbusch.net/chronology/,0
doorsopendays.org.uk/opendays/area_programmes.aspx?areaid=4,0
dooyoo.co.uk/health-products/boots-opticians/reviews/,0
dooyoo.co.uk/sports-locations/molineux-wolverhampton-wanderers-fc/,0
dopehood.com/big-scoob-no-filter-ep-download/,0
dopehood.com/diddy-dirty-money-last-train-to-paris-download/,0
dopehood.com/game-the-r-e-d-album-download/,0
dopehood.com/kanye-west-my-beautiful-dark-twisted-fantasy-explicit-download/,0
dopehood.com/shawn-chrystopher-silent-films-for-the-blind-fe-download/,0
dopehood.com/the-hoodstarz-controversy-download/,0
dopl.utah.gov/,0
dorcelvision.com/en/demo/extrait-gratuit-du-film-x-mlle-de-paris-6344042-406-Q09OX0lEIDM0NzMxMzI=.html,0
dorchesteratheneum.org/image.php?id=3932&slide=Dorchester%20High%20School&ko=1,0
dorchesteratheneum.org/page.php?id=628,0
dorchesterhouse.org/,0
dorchesterthinktank.blogspot.com/,0
dordt.edu/athletics/softball/2004/game2.htm,0
dorel.com/marques.htm,0
doremi.com/Simoneau1.html,0
doremi.com/lt.html,0
dorisday.net/Film_List/film_list.html,0
dorisday.net/forum/viewtopic.php?f=1&t=3182,0
dorisdukestory.blogspot.com/,0
dormanhigh.org/studentresources/studentorganizations/fellowshipofchristianathletes.aspx,0
dormie2.com/bishop/genealogy/GEDCOM/D0001/G0000010.html,0
dormie2.com/bishop/genealogy/GEDCOM/D0001/G0000094.html,0
dormie2.com/bishop/genealogy/GEDCOM/D0002/G0000003.html,0
dormie2.com/bishop/genealogy/GEDCOM/D0002/G0000072.html,0
dormie2.com/bishop/genealogy/GEDCOM/D0003/G0000020.html,0
dormie2.com/bishop/genealogy/GEDCOM/D0003/G0000078.html,0
dormie2.com/bishop/genealogy/GEDCOM/D0004/G0000003.html,0
dormie2.com/bishop/genealogy/GEDCOM/D0004/G0000059.html,0
dormie2.com/bishop/genealogy/GEDCOM/D0005/G0000017.html,0
dormie2.com/bishop/genealogy/GEDCOM/D0005/G0000046.html,0
dormie2.com/bishop/genealogy/GEDCOM/D0005/G0000051.html,0
dormie2.com/bishop/genealogy/GEDCOM/D0006/G0000020.html,0
dormie2.com/bishop/genealogy/GEDCOM/D0006/G0000059.html,0
dormie2.com/bishop/genealogy/levletreg.html,0
dormireinbedandbreakfast.com/rome-b-b/pzza-del-popolo-via-del-corso,0
dorothyl.com/,0
dorothypapadakos.com/silent_films.asp,0
dorothyparker.com/,0
dorothyparker.com/poems/,0
dorothythompson.blogspot.com/,0
dorsetfa.com/News/2010/04/GirlsU15U17LeagueCupFinals.htm,0
dorsetreadingpartners.org.uk/,0
dorsey.com/,0
dorsey.com/Resources/Detail.aspx?pub=436,0
dorsey.com/corne_heads_shanghai_112310/,0
dorsey.com/inta_051711/,0
dorsey.com/lancaster_peter/,0
dorsey.edu/campus-locations.php,0
dorsey.edu/medical-training.php,0
dorseyarchitecture.com/,0
dorseyfuneral.com/Frameset_obit.html,0
dorto.com/97Mirage.html,0
dory-funk.com/starr.html,0
dos-extreme.si/index.php?option=com_wrapper&view=wrapper&id=44&Itemid=29&lang=en,0
dos.ny.gov/corps/llpfaq.asp,0
dosgamesarchive.com/profile/epic-megagames/,0
dosgamesonline.com/index/publisher/Epic_Megagames.html,0
dossantosintl.com/announce.htm,0
dostandupcomedy.com/,0
dreambuilderlive.com/,0
dreamcarstore.net/,0
dreamcenter.org/community-outreach/education/patten-university/,0
dreamdinners.com/main.php?page=locations,0
dreamessays.com/customessays/History%20Essays/7734.htm,0
dreamessays.com/customessaytopics/Cliff%20Notes.htm,0
dreamfamousquotes.info/category/arthur-calwell/,0
dreamfamousquotes.info/category/gladys-taber/,0
dreamfish.com/pg/page/login,0
dreamhouseforkids.org/March-2010-Katie-Moore-Update.226.0.html,0
dreamimagesigns.com/Signage%20Products.html,0
dreamincode.net/forums/topic/125596-trouble-with-pie-chart-graphics/,0
dreamincode.net/forums/topic/41637-how-to-draw-pie-diagrams-using-vb6/,0
dreamindemon.com/2009/07/10/kimberly-lynn-calvert-gets-pokey-with-something-pink/,0
dreamindemon.com/forums/archive/index.php/t-13030.html,0
dreamindemon.com/forums/archive/index.php/t-166-p-2.html,0
dreamindemon.com/forums/showthread.php?166-Today-in-History/page14,0
dreamindemon.com/forums/showthread.php?48797-28-Year-Old-Janitor-Investigated-After-11-Year-Old-Gives-Birth,0
dreamingoutloud.org/partnerships/,0
dreammoods.com/dreamdictionary/,0
dreammoods.com/dreamdictionary/a.htm,0
dreamofitaly.com/public/398.cfm,0
dreamroad.us/american-muscle-car-the-pontiac-gto/,0
dreamscape.org.uk/uk-charity-c-9.html,0
dreamscience.ca/,0
dreamsimplicity.com/search/marketing-a-communications/brand-management/webdam-solutions.html?amp,0
dreamsimplicity.com/search/sales/customer-relationship-management/sugarcrm.html?amp,0
dreamspinnersinc.com/sonny.html,0
dreamstime.com/stock-images-somewhere-on-route-138-quebec-canada--image881294,0
dreamthefuture.org/festivalguide_schedule07_fri.html,0
dreamthefuture.org/festivalguide_schedule07_sat.html,0
dreamtimepoetry.com/,0
dreamtown.com/neighborhoods/pill-hill.html,0
dredge.com/beach-replenish.html,0
dredgingtoday.com/2010/10/01/sydney-harbour-dredging-mentioned-in-the-house-of-commons-canada/,0
dreginc.com/?IDXSESS=415l752sk7bb1esla38nkgt990,0
drellenburg.com/,0
dressagenb.com/news/article.php?id_news=2171,0
dressale.com/tags/Rainbow-Sweet-16-Dresses/,0
dressingvintage.com/vintage-womens/dresses-and-suits/cocktail-party/3558-stephan-schrader-1960s-deadstock-vintage-dress-purple.html,0
dressup121.com/search/disney_junior.html,0
dressupcontest.com/pony.php,0
dressupgal.com/sweet-pony.html,0
dressupgames8.com/flashgames/down.asp?id=1345,0
dressupgames8.com/flashgames/kids-games/My-Little-Pony-Games.html,0
dressupwho.com/pony-177.html,0
drew.edu/depts/depts.aspx?id=23919,0
drewaltizer.com/album.php?album_id=10544&searchkey=&page=2,0
drewbarrymore.com/,0
drewryanscott.fansites.me/,0
drewryanscott.net/,0
drewryanscott.net/drew-tokio-hotel/,0
drexel.edu/studentlife/fsl/chapters.htm,0
drexelheritage.com/,0
drexelmed.edu/Home/AboutOurFaculty/LawrenceBergman.aspx,0
dreyerendo.com/,0
dreyers.com/,0
dreyers.com/brand/funflavors/flavorlisting.asp?b=1420,0
dreyers.com/main/contact.asp?b=104,0
dreyers.com/main/getthescoop.asp?b=104,0
dreyerscarpetcare.com/,0
dreyerslumber.com/,0
drf.com/blogs/postcard-bois-de-boulogne,0
drf.com/drfLeaderBoard.do?category=jockey,0
drf.com/news/calder-mad-flatter-outruns-mambo-meister-again-spend-buck,0
drf.com/news/golden-gate-sourdough-sams-win-oakland-big-one-pederson-lopez,0
drfaris.com/,0
drfortino.net/?page_id=10,0
drfosterhealth.co.uk/consultant-guide/Mr-Clayton-Hugh-Marsh-1745933.aspx,0
drfosterhealth.co.uk/consultant-guide/Mr-Jason-Bernard-3475669.aspx,0
drftrapani.com/drftrapani.com/Lets_Talk_Health.html,0
drfunkenberry.com/2009/02/16/prince-upset-as-new-song-leaks-online/,0
drgcohen.com/,0
drglobalfilmfestival.org/drgff2008/peliculas_en_sugar.asp,0
drhonow.com/,0
driftaustralia.com.au/,0
drifting.com/forums/events-and-meets-forum/28439-dmcc-driftmania-canadian-championship-2010-schedule.html,0
driftwoodlodge.net/,0
drinkalternatives.com/,0
drinkinbrighton.co.uk/,0
drinkmorewater.com/bottled-water-silver-spring-md.htm,0
drinksmixer.com/cat/9/,0
drinksmixer.com/desc1124.html,0
drinksmixer.com/desc558.html,0
drinksmixer.com/drink1441.html,0
drinksuperc.com/wheretobuy/,0
drinkwaterassociates.com/personnel.html,0
driveinmovie.com/Canada/Quebec/,0
drivelincolnhighway.com/communities/matteson.html,0
drivenfaroff.com/2009/08/05/thrice-set-new-release-date-stream-album-tour-with-brand-new/,0
driverdb.com/champions/2011/,0
driverdb.com/drivers/james-tucker/popularity/,0
driverdb.com/drivers/jean-philippe-dayraut/,0
driveredtogo.com/City/Covington-Washington.aspx,0
drivermax.com/driver/search/search_version.php?devicename=Star+Imavision+Audio+Capture&win_ver=5.1&win_arch=32,0
drivermax.com/driver/update/MEDIA/Star-Imavision/SK-2000F-Audio-Driver,0
driversoftware.com/businesses.php/eicon-technology-drivers/4753,0
driversupdate.org/first-international-computer.htm,0
driverupdate.net/library/driver_list.php?type=networkcard&vendor_id=278&vendor_name=Eicon+Networks+Corporation&device_id=29372&device_name=Eicon+Diva+2.02+S%2FT+(PCI),0
driverwebsites.com/portfolio/?t=1,0
drivewire.com/model/chevrolet-el-camino/,0
driving-school-directory.com/California/Los-Angeles/,0
driving.ca/montreal/buy-car/used/details.html?vehicleId=766792,0
drivinguniversity.com/california-approved-online-traffic-school/barstow.htm,0
drizzten.com/blargchives/001581.html,0
drizzten.com/blog/2006/09/was_kimveer_gills_rapidfire_ri.html,0
drjensen.com/,0
drjfwright.com/chemists.html,0
drjohnkling.com/,0
drjohnmoreau.com/,0
drjohnnyjohnson.com/,0
drjscohen.com/,0
drjsgauthier.ca/english.php,0
drlanders.com/,0
drmanuelgutierrezromero.blogspot.com/,0
drmarksultan.com/,0
drmarksultan.com/dr_sultan.html,0
drmarla.ca/,0
drmarla.ca/aboutdrmarla.php,0
drmci.org/J.%20Arthur%20Morris%20Imaging%20Center,0
drmyersdds.com/,0
drnew.com/honda-car-dealers-in-missouri-state.html,0
drnormanweinstein.com/,0
drnormanweinstein.com/Services_En.htm,0
drodio.com/maryland-real-estate/silver-spring/,0
drodio.com/virginia-real-estate/chantilly/,0
drodio.com/virginia-real-estate/fairfax/,0
droidxforum.com/droid-x-how-to/is-there-a-way-to-backup-onto-your-sd-card/,0
droit.umontreal.ca/international/fichiers/chine_en.html,0
droneworks.org/hdc/about.html,0
dropbears.com/a/art/biography/Archibald_John_Jr_Motley.html,0
dropbears.com/a/art/biography/Theodore_Gericault.html,0
dropbears.com/books/aviation/pioneers.htm,0
dropbears.com/books/aviation/soaring.htm,0
dropcards.com/ulg2010/content/index.php,0
dropndrag.com/shows.html,0
droppingtimber.com/2009/11/portland-timbers-open-tryouts.html,0
droppingtimber.com/2010/02/2010-portland-timbers-schedule.html,0
droppingtimber.com/2010/04/portland-timbers-2010-ussf-season.html,0
droppingtimber.com/2010/06/ac-st-louis-situation-stabilized.html,0
droppingtimber.com/2010/06/boys-from-little-mexico-season-chasing.html,0
droppingtimber.com/2010/06/game-preview-season-resumes-with.html,0
droppingtimber.com/2010/07/portland-timbers-mls-coach-rumors.html,0
dropyourgloves.com/Fights/FightCard.aspx?Player=1153&League=1,0
dropyourgloves.com/Fights/FightCard.aspx?Player=1583,0
dropyourgloves.com/Fights/FightCard.aspx?Player=4758&League=,0
dropyourgloves.com/Fights/FightCard.aspx?Player=9356,0
dropyourgloves.com/Fights/FightCard.aspx?Season=2007&Player=14897&League=18,0
dropyourgloves.com/Fights/GameEvents.aspx?Game=127641,0
dropyourgloves.com/Fights/GameEvents.aspx?Game=131384,0
dropyourgloves.com/Fights/LeagueFighters.aspx?League=2,0
dropyourgloves.com/Fights/LeagueFighters.aspx?League=20,0
dropyourgloves.com/Messages/Thread.aspx?Thread=85408,0
dropyourgloves.com/Players/Player.aspx?Player=13686,0
dropyourgloves.com/Players/Player.aspx?Player=15565,0
dropyourgloves.com/Players/Player.aspx?Player=62025&ShowTransactions=Yes,0
dropyourgloves.com/fights/FightCard.aspx?P=35429&L=20&S=1995,0
dropyourgloves.com/fights/FightCard.aspx?Player=4566,0
dropyourgloves.com/players/Player.aspx?P=34917,0
drownin-turkey.blogspot.com/,0
drparent.com/,0
drpeppersnapplegroup.com/,0
drpeppersnapplegroup.com/brands/7up/,0
drphil.com/,0
drpistone.com/Read-Testimonials/An-Expert-Seeking-Expertise-Bernie-Parent/Hair-Restoration/,0
drrant.net/,0
drray.com/stationids.htm,0
drrobertlevine.com/,0
drrobertschwartzgreenville.biz/,0
drrobertschwartzgreenville.info/,0
drrobertsilverman.com/,0
drrudolfmorgan.com/,0
drrussellsmith.com/,0
drs.wa.gov/,0
drsaugen.com/,0
drscarpellichiro.com/,0
drscore.com/Alabama/Cardiology/search/Stancel-Riley%20Jr_10643146.html,0
drscore.com/Arizona/Physical_Medicine_&_Rehabilitation/search/Paul-Drinkwater_10267170.html,0
drscore.com/California/Obstetrics_&_Gynecology/search/Philip-Adamson_10104136.html,0
drscore.com/Delaware/Internal_Medicine/search/Peter-Rocca_10647759.html,0
drscore.com/Florida/Family_Practice/search/Robert-Brochu_10176870.html,0
drscore.com/Georgia/Cardiology/search/William-Weintraub_10791399.html,0
drscore.com/Illinois/Internal_Medicine/search/Todd-Ing_10397028.html,0
drscore.com/Minnesota/Family_Practice/search/Chad-Fey_10293754.html,0
drscore.com/New-Jersey/Internal_Medicine/search/Randi-Isaacs_10398341.html,0
drscore.com/New-Jersey/Surgery/search/Catalino-Arenas_10123161.html,0
drscore.com/North-Carolina/Psychiatry/search/Lawrence-Greenberg_10341897.html,0
drscore.com/Texas/Family_Practice/search/Neelam-Verma_10774266.html,0
drscore.com/Texas/Neurological_Surgery/search/Frederick-Todd_10755380.html,0
drscore.com/Texas/Neurology/search/Richard-Tallman_10742445.html,0
drscore.com/Texas/Obstetrics_&_Gynecology/search/Vincenzo-Sabella_10662571.html,0
drscore.com/Texas/Surgery/search/Roland-Beaudry_10145452.html,0
drscore.com/Utah/Surgery/search/Robert-Naylor_10562858.html,0
drscore.com/Washington/Family_Practice/search/Steven-Luther_10493123.html,0
drscore.com/doctors-by-name/lso/5900/C.html,0
drscore.com/doctors-by-name/lso/6300/W.html,0
drscore.com/physicianlist.cfm?s=city&w=Charlestown&w2=MA,0
drscore.com/physicianlist.cfm?s=city&w=Lawrence&w2=KS,0
drscore.com/physicianlist.cfm?s=spec&w=Pediatrics&w2=Washington&w3=DC,0
drshow.com.au/,0
drsoundguy.com/,0
drstaley.com/staley.php,0
drstandley.com/saints_stanthonytheabbott.shtml,0
drstanleyimiller.com/,0
drstrange.com/,0
drstrange.com/cart.php?m=music_search&xsubmit=Y&search=Angelic+Upstarts&exact=Y,0
drtomahern.com/Dr_Tom_Ahern.com/Angry_Mad_Horses.html,0
drtoneil.com/,0
dru.org/,0
drudge.com/archive/119509/serial-killer-prowls-south,0
drugdonations.org/fr/dons_de_medicaments.html,0
drugguide.us/tagalog_movie/,0
druglibrary.org/schaffer/library/studies/ledain/ldctoc.html,0
drugrehabfacilities.net/north-dakota/,0
drugs.com/clinical_trials/conjuchem-reports-final-data-confirming-pc-dac-exendin-4-lowers-glucose-weight-phase-ii-diabetes-6719.html,0
drugs.com/clinical_trials/conjuchem-s-pc-dac-exendin-4-lowers-glucose-weight-phase-ii-diabetes-trials-6359.html,0
drugsense.org/mcwilliams/www.marijuanamagazine.com/toc/addictiv.htm,0
drugstore.com/natures-cure-two-part-acne-treatment-system-for-females/qxp44782,0
drugstore.com/natures-cure/qxb14660,0
drugwarfacts.org/addictiv.htm,0
drumforum.org/index.php?/topic/32715-sonor-3007s-vs-ludwig-epic-funk-vs-mapex-meridian-maple/,0
drummerworld.com/Videos/sonnygreer41.html,0
drummerworld.com/drummers/Alvin_Queen.html,0
drummerworld.com/drummers/Barriemore_Barlow.html,0
drummerworld.com/drummers/Bobby_Jarzombek.html,0
drummerworld.com/drummers/Brad_Wilk.html,0
drummerworld.com/drummers/Ed_Shaughnessy.html,0
drummerworld.com/drummers/Eric_Carr_Peter_Criss.html,0
drummerworld.com/drummers/Harvey_Mason.html,0
drummerworld.com/drummers/James_Black.html,0
drummerworld.com/drummers/Jon_Theodore.html,0
drummerworld.com/drummers/Keith_Carlock.html,0
drummerworld.com/drummers/Levon_Helm.html,0
drummerworld.com/drummers/Marco_Minnemann.html,0
drummerworld.com/drummers/Mike_Clark.html,0
drummerworld.com/drummers/Moritz_Mueller.html,0
drummerworld.com/drummers/Ringo_Starr.html,0
drummerworld.com/drummers/Ringo_Starr2.html,0
drummerworld.com/drummers/Robby_Ameen.html,0
drummerworld.com/drummers/Ronald_Bruner_Jr.html,0
drummerworld.com/drummers/Rufus_Speedy_Jones.html,0
drummerworld.com/drummers/Scott_Amendola.html,0
drummerworld.com/drummers/Sheila_E.html,0
drummerworld.com/drummers/Sonny_Greer.html,0
drummerworld.com/drummers/Stewart_Copeland.html,0
drummerworld.com/drummers/Tommy_Igoe.html,0
drummerworld.com/drummers/Vernel_Fournier.html,0
drummerworld.com/drummers/Zutty_Singleton.html,0
drummerworld.com/forums/archive/index.php/t-25606.html,0
drummerworld.com/forums/showthread.php?t=49031,0
drummerworld.com/wishlist/C.html,0
drumsoloartist.com/Site/Drummers/Bruce_Gary.html,0
drumsoloartist.com/Site/Drummers2/Bobby_Jarzombek.html,0
drumsoloartist.com/Site/Drummers3/Joe_English.html,0
drumza.com/product/ESP-Jeff-Hanneman-Guitar-Black.html,0
drumza.com/product/ESP-Jeff-Hanneman-Guitar-Urban-Camouflage.html,0
drumza.com/product/Schecter-Guitar-Research-Blackjack-ATX-Solo-6-Limited-Electric-Guitar-Aged-White.html,0
drumza.com/product/Schecter-Guitar-Research-Omen-Extreme-6-FR-Electric-Guitar-Black-Cherry.html,0
drunk-wife.rape22.com/,0
drunkenpolack.com/?p=1378,0
drunkenpolack.com/?p=2432,0
drunkenpolack.com/?p=2572,0
druwood.com/meijie.html,0
druzequebec.com/,0
drvoyageur.com/amtrak.html,0
drwebman.com/perry_headrick/,0
drwrightendo.com/,0
dryandlaundry.com/results.asp?nSector=22&cSector=Machinery,0
dryandlaundry.com/results.asp?nSector=4&cSector=Dry%20Cleaning,0
drycleanersindex.co.uk/city-Bromley-KENT/,0
dryday.com/united-states/missouri-weather-cities-1/,0
dryday.com/united-states/north-dakota-weather-cities-1/,0
dryguys.com/products/scapewel.php,0
dryicesource.com/dryice/index.php,0
dryicesource.com/dryiceblasting/blasting-seminars-g.php,0
drysdales.com/,0
drysdales.com/Womens/Jeans/Lowrise/detail-6568-Wrangler-Womens-Night-Sky-Ultra-Low-Rise-Jeans.html,0
drywallsettlement.info/,0
ds-scene.net/?s=viewtopic&nid=6692,0
ds.psu.edu/Academics/Degrees/29619.htm,0
ds450hq.com/forums/,0
dsausa.org/about/history.html,0
dsausa.org/dsa.html,0
dsb1.edu.on.ca/schools/floramac/index.php,0
dsbp.cx/index.php?page=cat.html,0
dscottabbott.com/,0
dsebd.org/latest_share_price_scroll_l.php,0
dsebd.org/mkt_depth_3.php,0
dsek.nic.in/Misc/AppttAng.htm,0
dsg.univr.it/?ent=persona&grp=2,0
dsgw.com/firstamericans.html,0
dshs.state.tx.us/vs/marriagedivorce/mindex.shtm,0
dshs.wa.gov/,0
dsireusa.org/incentives/incentive.cfm?Incentive_Code=KS10F&re=1&ee=1,0
dsireusa.org/incentives/incentive.cfm?Incentive_Code=MO67F&re=1&ee=1,0
dslreports.com/faq/sympat?text=1,0
dslreports.com/forum/r24211890-Videotron-in-Ontario,0
dslreports.com/forum/r24516115-Internet-Bell-Business-Internet-SMTP-settings,0
dslreports.com/forum/r24749926-TV-Fibe-TV-Questions,0
dslreports.com/forum/r25376715-tou.tv,0
dslreports.com/reviews/1653,0
dslreports.com/shownews/Rogers-Eliminates-Portable-Internet-Basic-98303,0
dslreports.com/shownews/Verizon-Wireless-Planning-Massive-ReBranding-109072,0
dsml.org/products/jay-z/r-kelly-the-best-of-both-worlds-[edited],0
dsmsportsfreaks.com/2011/11/2011-12-iowa-conference-basketball-preview,0
dsn.caltech.edu/people/faculty/koch.html,0
dspears.com/hijune/,0
dspears.com/junepix/annex/wampas.html,0
dspears.com/junesite/,0
dsprecs.com/,0
dss-accepted.co.uk/,0
dss.louisiana.gov/,0
dss.mo.gov/cd/office/jackson.htm,0
dss.mo.gov/cse/counties.htm,0
dssaccepted.co.uk/,0
dst-sfpa.org/,0
dst-systems-inc.software.informer.com/,0
dstbusinesssystems.com/,0
dsthealthsolutions.com/,0
dsthuntsville.org/,0
dstnoa.org/Delta_Dears.html,0
dsto.defence.gov.au/,0
dstsystems.com/,0
dstsystems.com/cp/cpaff.html,0
dstsystems.com/cp/cphm.html,0
dstsystems.com/cr/crhm.html,0
dstsystems.com/ic/ic_home.html,0
dsuathletics.com/,0
dsuathletics.com/basketball/coaches.aspx,0
dtfonline.com/testimonials.html,0
dtheatre.com/read.php?sid=5367,0
dtheatre.com/read.php?sid=5369,0
dtpd.org/pages/boardinfo.html,0
dtvusaforum.com/dtv-hdtv-reception-antenna-discussion/3344-abc-kgo-tv-ch-7-san-francisco-gone.html,0
dtzbarnicke.com/shell,0
du-bruit.com/samples-big-shug.html,0
duanecarleton.com/,0
duanemorris.com/attorneys/johnareade.html,0
dubaiescortservice.net/escorts/3649,0
dubaifaqs.com/banks-in-dubai.php,0
dubaifurnishedapartments.com/grand-midwest-hotel-apartments-dubai.asp,0
dubaiinternetmarketing.com/butlers-dry-cleaning-laundry-services-the-dubai-mall-mall-of-the-emirates-dubai-uae-2010-11-24.php,0
dubaiinternetmarketing.com/category/united-arab-emirates-2/dubai-2010-uae/dry-cleaning-laundry,0
dubaileisureholidays.com/singapore-holiday-info.html,0
dubailime.com/,0
dubcnn.com/interviews/easki/,0
dubeaufamily.com/retrospect/index.php?m=surnames&sn=Beaudry,0
dubeaufamily.com/retrospect/index.php?m=surnames&sn=Pilon,0
dublin.ie/,0
dublin.patch.com/articles/cow-running-on-freeway-causes-interstate-580-traffic-jam,0
dublinbus.ie/,0
dublindancefestival.ie/festival-performances/amour-acide-et-noix/,0
dublinevents.com/dublin-guest-houses/belgrave-guesthouse.php,0
dublinevents.com/events/live-music/,0
dublinhotelreservations.com/,0
dublinhotels.com/,0
dublinmapped.com/,0
dublinmountaingolf.com/,0
dublinpubscene.com/thepubs/breakfortheborder.html,0
dublinpubscene.com/thepubs/breakfortheborder_map.html,0
dublinschools.net/,0
dublinsingers.org/,0
dublintourist.com/,0
dublintourist.com/details/break_for_the_border.shtml,0
dublintourist.com/details/break_for_the_border_restaurant.shtml,0
dublintoyota.com/,0
duboislc.org/html/DuBoisBio.html,0
dubrovnikcity.com/dubrovnik/attractions/sponza_palace.htm,0
dubtunes.com/dub/2011/11/lady-gaga---marry-the-night.html,0
duc.auburn.edu/,0
duccutters.com/BillJohnson-Moose350.tpl,0
duchesssays.com/,0
duchovny.net/roles/snl.htm,0
duckmarch.com/,0
duckprods.com/projects/mortsahl.html,0
duckprods.com/projects/ms/ms-latimes890925.html,0
ducks.ca/helpduc/sponsor/education/05_06.html,0
duckworksbbs.com/plans/jim/sneakerbox/index.htm,0
duckydoestv.com/so-you-think-you-can-dance-season-4-episode-music-guide/,0
duckydoestv.com/so-you-think-you-can-dance-season-5-episode-music-guide/,0
duclaw.com/,0
duffus.com/Archaeology/elgin_burgh_survey.htm,0
duffus.com/indexof.htm,0
duffus.com/sundaynews7_27_04/plaques_of_moray.htm,0
duffyspetfood.com/home.php,0
dugout-memories.com/kanath.html,0
dugoutcentral.com/?p=1206,0
dugoutcentral.com/?p=1243,0
duguaybilliards.ca/content/readMore1/infobox/page_texts_wrm/template/default/active_id/195,0
duhaime.org/LegalDictionary/B/BlackLetterLaw.aspx,0
dui-coconut-creek.com/,0
dui.com/dui-library/california/news/horse-dui,0
dui.com/indiana/allen,0
dui.com/kentucky/jefferson,0
dui.com/minnesota/le-sueur,0
dui.com/missouri/cass,0
dui.com/missouri/clay,0
dui.com/missouri/jackson,0
dui.com/missouri/platte,0
dui.com/north-dakota/cass,0
dui.com/ohio/allen,0
dui.com/pennsylvania/fayette,0
dui.com/south-carolina/cherokee,0
dui.com/south-carolina/spartanburg,0
dui.com/utah/salt-lake,0
duiattorney.com/dui-basics/opening-closing,0
duiattorney.com/texas/shackelford,0
duiwashington.com/?engine=google,0
duke-energy.com/ohio/savings/power-manager.asp,0
duke.edu/%7Emlc10/MUS140/Biography.htm,0
duke.edu/web/bakkeschol/veritas/speakers.html,0
duke.edu/web/secmod/cv.html,0
duke.edu/web/secmod/pfau/cv.html,0
duke.edu/~eec7/popularculture.html,0
duke.edu/~jspippen/butterflies/exotic-butterflies.htm,0
duke.edu/~pburian/Burian_CV/Curriculum_Vitae.html,0
duke.edu/~tmc/motherpage/albums_prod/alb-philippewynne_jammin.html,0
duke.edu/~tmc/motherpage/albums_solo/alb-bernieworrell_funkofages.html,0
duke.edu/~wc4/PaulPopowich/Twicepress.htm,0
duke.edu/~wj25/Herodotus/Bibliography.html,0
dukebasketballreport.com/articles/?p=41131,0
dukebasketballreport.com/articles/?p=42813,0
dukebasketballreport.com/forums/showthread.php?11248-DeMarcus-Nelson,0
dukebasketballreport.com/forums/showthread.php?21940-2010-2011-Men-s-Basketball-Schedule-From-Ticket-Order,0
dukebasketballreport.com/forums/showthread.php?25735-SI-checks-in-with-DeMarcus-Nelson,0
dukecityfix.com/forum/topics/new-mexico-films,0
dukefertilitycenter.org/about/locations/,0
dukehealth.org/physicians/david_b_goldston,0
dukehealth.org/physicians/physicians_alphabetic/b?b_start:int=80,0
dukehoopblog.com/2011/11/09/2011-12-duke-blue-devils-player-spotlight-michael-gbinije/,0
dukeofed.org/board,0
dukesonline.com/denverpyle.html,0
dukeupress.edu/Catalog/ViewProduct.php?productid=12175,0
dukeupress.edu/Catalog/ViewProduct.php?productid=9298&viewby=title,0
dukewayne.com/showthread.php?p=95412,0
dukewayne.com/showthread.php?t=2116,0
dullesdistrict.com/index.php?q=category/blogs/stone-bridge,0
duluth.lib.mn.us/Databases/BiogClippings.html,0
duluthnewstribune.com/?event=search&keywords=linda%20anderson&order=date&start_row=21&searchrange=all,0
duluthnewstribune.com/event/article/id/204623/,0
duluthtrading.com/,0
dumbartonfootballclub.com/,0
dumcgill.com/,0
dumonthistory.com/a10.html,0
dumz.net46.net/dom/dominic/index.html,0
dunbarandboardman.blogspot.com/,0
duncanfunk.com/,0
duncanroots.com/ancestors/DescendantsofWilliamDuncan.htm,0
duncansmodeltrains.co.uk/hornby-r9660-low-relief-3-arch-viaduct,0
dundurn.com/authors/annette_brock_davis,0
dunelady.com/laporte/births.htm,0
dunelady.com/laporte/cemeteries/stjohncentre/stjohnlutheran3.htm,0
dunelady.com/laporte/cemeteries/stjohncentre/stjohnlutheran7.htm,0
dunenovels.com/,0
dungeonvirgins.com/,0
dunkpoint.com/models/CharlesJohnson.php?v=62034,0
dunkpoint.com/models/GregFoster.php?v=63065,0
dunsmuir-hellman.com/estate.html,0
dunstan.org.au/about/governance.html,0
dunton.org/archive/dunton.htm,0
duodamour.co.uk/,0
duotrope.com/market_4031.aspx,0
dupageeweek.iit.edu/,0
dupemonkey.com/hotfile-avast-internet-security-5-0-594-final-cle-d-activation/139237,0
dupontgroup.com/index.php?page=edward-c-dupont-jr-president,0
dupontmanual.com/mst.htm,0
dupontregistry.com/autos/NewsCenter/NewsCenterDetails.aspx?mmysid=3450,0
dupontregistry.com/autos/Search/DRauSearchDetails.aspx?itemid=875111,0
dupontregistry.com/autos/sitemap/sm-Hummer-H1-for-Sale.aspx,0
dupontwa.com/,0
duquette.org/ENGLISH/Database/dat129.htm,0
duquette.org/ENGLISH/Database/dat150.htm,0
duquette.org/ENGLISH/Database/dat212.htm,0
duquette.org/ENGLISH/Database/dat231.htm,0
duquette.org/ENGLISH/Database/dat251.htm,0
duquette.org/ENGLISH/Database/dat285.htm,0
duquette.org/ENGLISH/Database/dat367.htm,0
duquette.org/ENGLISH/Database/dat389.htm,0
duquette.org/ENGLISH/Database/dat40.htm,0
duquette.org/ENGLISH/Database/idxb.htm,0
duquette.org/ENGLISH/Database/idxc.htm,0
duquette.org/ENGLISH/Database/idxd.htm,0
duquette.org/ENGLISH/Database/idxg.htm,0
duquette.org/ENGLISH/Database/idxv.htm,0
duquette.org/ENGLISH/Extracts/St-Bern-Lacolle.htm,0
dur.ac.uk/classics/postgraduate/taught/epic/,0
duraglider.com/reps-iframe.html,0
durango-songwriters-expo.com/hit-songwriter-bios-jeffrey-steele.html,0
durban.gov.za/,0
durbeckarchive.com/alarie-simoneau.htm,0
durhamcathedral.co.uk/,0
durhamgfc.com/site/index.php?option=com_content&view=article&id=111:montreal-2011&catid=37:slides,0
dusablemuseum.org/,0
dusablemuseum.org/events/category/films/,0
dustedmagazine.com/features/367,0
dustedmagazine.com/features/771,0
dustedmagazine.com/reviews/2062,0
dustedmagazine.com/reviews/2585,0
dustedmagazine.com/reviews/4157,0
dustedmagazine.com/reviews/5971,0
dustincurtis.com/public-fried-chicken.html,0
dustygroove.com/browse.php?cat=5&kwfilter=Charles+Earland&incl_oos=1&incl_cs=1&format=all,0
dustygroove.com/browse.php?kwfilter=Charles+Earland&incl_oos=1&incl_cs=1&format=all,0
dustygroove.com/browse.php?kwfilter=Phillips&incl_oos=1&incl_cs=1&format=all,0
dustygroove.com/item.php?id=2qksfgm2z4,0
dustygroove.com/item.php?id=h59q2j6tby,0
dustygroove.com/item.php?id=ksqq673smb,0
dustygroove.com/item.php?id=nht3vg9rtn,0
dustygroove.com/item.php?id=njhhwyjg3q,0
dustygroove.com/item.php?id=wzpfwx8x46,0
dutailier.com/index.php,0
dutchdisneychannelfan.blogspot.com/,0
duttongregory.co.uk/site/people/solicitors/,0
duttyartz.com/category/dancehall/,0
dv.com/news/news_item.php?articleId=183702281,0
dv.com/print_me.php?articleId=183701217,0
dv247.com/news/peavey%20jsx%2050%20joe%20satriani%2050-watt%20amp/132133,0
dvbmaster.com/shop_canada.html,0
dvbs.eu.org/Louise/,0
dvbs.eu.org/Shiraz/,0
dvbs.eu.org/Trabelsi/,0
dvbs.eu.org/anari/,0
dvbs.eu.org/antigona/,0
dvbs.eu.org/arlequin/,0
dvbs.eu.org/domkus/,0
dvbs.eu.org/jpt/,0
dvbs.eu.org/mervin/,0
dvbs.eu.org/perrault/,0
dvbs.eu.org/simard/,0
dvc.edu/news/newsmakersGaryPieroni20100520.htm,0
dvd-mania.com/,0
dvdbeaver.com/film/DVDCompare/pianist2.htm,0
dvdbeaver.com/film/DVDReviews22/Cinema_16_American_Short_Films.htm,0
dvdbeaver.com/film/feature.htm,0
dvdbeaver.com/film3/blu-ray_reviews51/ride_with_the_devil_blu-ray.htm,0
dvdboxing.com/DVD_Specials.html,0
dvdcanfly.com/?name=knowledge&file=readknowledge&id=939,0
dvdcc.com/review.php?cavemansvalentine,0
dvdcult.com/rev_Phantom%20Creeps.htm,0
dvddrive-in.com/reviews/a-d/arkofflionsgate1.htm,0
dvddrive-in.com/reviews/e-h/gameragiantmonster65.htm,0
dvddrive-in.com/reviews/n-s/samuelzarkoffcollection.htm,0
dvdempire.com/Exec/v1_list_studio.asp?studio_id=1&view=0&pp=&site_id=4&site_media_id=0,0
dvdempire.com/Exec/v1_list_studio.asp?studio_id=127,0
dvdempire.com/exec/v1_list_studio.asp?studio_id=6,0
dvdfab.com/,0
dvdfile.com/reviews/blurayreviews/168130-blood-simple-bd-review,0
dvdghost.com/,0
dvdinmypants.com/reviews/O-V/paul_lynde_halloween.php,0
dvdizzy.com/sigmundandtheseamonsters-season1.html,0
dvdizzy.com/starkravingblack.html,0
dvdmg.com/50yearsofplaymates.shtml,0
dvdmg.com/brotherhoodofthewolf.shtml,0
dvdmg.com/eagleshellfreezesover.shtml,0
dvdmg.com/wizardofoz.shtml,0
dvdsentertainmentonline.com/product/destination-space-dvd-tv-john-agar-tv-pilot-1959,0
dvdshentai.com/?f=1&tour=1&&acc=86673680&tour=20&rev=yes&src=9buck,0
dvdtalk.com/dvdsavant/s1895war.html,0
dvdtalk.com/dvdsavant/s2936jack.html,0
dvdtalk.com/dvdsavant/s3184ride.html,0
dvdtalk.com/dvdsavant/s3634flim.html,0
dvdtalk.com/interviews/003205.html,0
dvdtalk.com/interviews/roy_disney_on_t.html,0
dvdtalk.com/interviews/samantha_newark.html,0
dvdtalk.com/reviews/13653/quantum-leap-complete-second-season/,0
dvdtalk.com/reviews/25050/norman-mclaren-the-masters-edition/,0
dvdtalk.com/reviews/31918/queen-rock-montreal-live-aid/,0
dvdtalk.com/reviews/32076/eastern-promises/,0
dvdtalk.com/reviews/32427/be-kind-rewind/,0
dvdtalk.com/reviews/34383/paul-lynde-halloween-special-the/,0
dvdtalk.com/reviews/34546/paul-lynde-halloween-special-with-kiss-the/,0
dvdtalk.com/reviews/35094/max-payne/,0
dvdtalk.com/reviews/36030/fanex-files-arkoff-the-incredible-story-of-the-founder-of-american-international-pictures/,0
dvdtalk.com/reviews/39899/limits-of-control-the/,0
dvdtalk.com/reviews/40037/rhoda-season-two/,0
dvdtalk.com/reviews/40171/british-cinema-renown-pictures-crime-noir-blackout-bond-of-fear-home-to-danger-meet-mr-callaghan-no-trace-recoil/,0
dvdtalk.com/reviews/41836/ride-with-the-devil/,0
dvdtalk.com/reviews/42473/possession-2010/,0
dvdtalk.com/reviews/43588/greenberg/,0
dvdtalk.com/reviews/45691/legend-of-bruce-lee-the/,0
dvdtalk.com/reviews/47887/man-his-music-the-collection/,0
dvdtalk.com/reviews/51108/jesse-stone-innocents-lost/,0
dvdtalk.com/reviews/52134/sigmund-the-sea-monsters-season-one/,0
dvdtown.com/news/tv-erotic-horror-anthology-series-the-hunger-complete-second-season-now-on-dvd/7093,0
dvdtown.com/review/malcolmxspecialedition/15438/2688/,0
dvdtown.com/review/mission-impossible-ultimate-collection/hd-dvd/4064,0
dvdverdict.com/reviews/aliasseason3.php,0
dvdverdict.com/reviews/bloodsimplebluray.php,0
dvdverdict.com/reviews/bluesunshine.php,0
dvdverdict.com/reviews/constantgardener.php,0
dvdverdict.com/reviews/flimflamman.php,0
dvdverdict.com/reviews/jessestoneinnocentslost.php,0
dvdverdict.com/reviews/mysteryincorporated1.php,0
dvdverdict.com/reviews/raisingtm.php,0
dvdverdict.com/reviews/ridewithdevil.php,0
dvdverdict.com/reviews/sigumndseasmonsters1.php,0
dvdverdict.com/reviews/sinatramusiccollection.php,0
dvdverdict.com/reviews/starkravingblack.php,0
dvdverdict.com/reviews/waltdisneystudios.php,0
dvhh.org/heritage/cooking/soup-stew.htm,0
dvhl.org/manager_deadlines.php,0
dvidshub.net/news/52295/combat-infantryman-badge-ceremony-honors-silver-lions-soldiers,0
dvidshub.net/news/73148/military-kprt-changes-command-not-mission,0
dvidshub.net/news/77220/top-female-non-commissioned-officer-4th-brigade-combat-team-command-sgt-maj-delia-quintero-shares-perspective-being,0
dvidshub.net/news/78511/new-york-army-national-guard-soldiers-return-scotia-glenville-reserve-center-after-iraq-tour,0
dvidshub.net/news/78622/us-canadian-artillery-partner-ytc,0
dvidshub.net/video/112427/flood-waters-flow-over-north-dakota-interstate-29,0
dvidshub.net/video/128601/freedom-file-kprt-engineers-inspect-medical-construction-project,0
dvinfo.net/forum/what-happens-vegas/87342-ignore-third-patry-dv-codecs.html,0
dvo.com/recipe_pages/diabetes/Date_Bran_Muffins.html,0
dvo.com/recipe_pages/kelloggs/Fruit_Bavarian_Cream_Pie.html,0
dvorak.org/blog/2009/01/30/riding-horse-drunk-in-public-gets-wyoming-man-arrested/,0
dvp-bourgogne.com/en/producer-domaine-jean-guy-pierre-fils.php,0
dvp-bourgogne.com/en/producer-domaine-marey-pierre-fils.php,0
dvrbs.com/Monuments/barrington/BarringtonWW2-OscarKline.htm,0
dvrbs.com/People/CamdenPeople-CharlesAWolverton.htm,0
dvrbs.com/People/CamdenPeople-FerdinandLarkin.htm,0
dvrbs.com/People/CamdenPeople-GeorgeWShields.htm,0
dvrbs.com/People/CamdenPeople-HerbertAnderson.htm,0
dvrbs.com/ccwd-ww2/WW2-CharlesStevenson.htm,0
dvrbs.com/cw/CamdenNJ-CW-LLL-HatchNo2.htm,0
dvrbs.com/people/CamdenPeople-CharlesSWolverton.htm,0
dvs.virginia.gov/fieldoffice_fairfax.shtml,0
dwaintaylorchevrolet.com/,0
dwalker.pwp.blueyonder.co.uk/page69.htm,0
dwfonline.com/new_dwf_members.htm,0
dwi.com/missouri/clay-county/,0
dwi.com/missouri/jackson-county/,0
dwi.com/south-carolina/spartanburg-county,0
dwi.com/texas/lynn-county,0
dwi.com/texas/shackelford-county,0
dwihitparade.com/tag/minnesota-state-patrol/,0
dwilsonconstruction.com/,0
dwma.com/,0
dwma.com/profile.asp,0
dwpm.com/,0
dwu.edu/,0
dwvisions.com/p879114389,0
dwyerclan.com/Research_Centre.htm,0
dxengineering.com/default.asp?DeptID=40,0
dxing.info/community/viewforum.php?f=16,0
dxradio.co.uk/transatlanticfm.php,0
dxzone.com/catalog/Software/Packet/,0
dxzone.com/catalog/Software/Radio_Control/,0
dyc.com/default.aspx?p=v35ListDocument&nw=1&listname=Public%20List%20Page&listitemid=41873&ID=754140179,0
dyepaintball.com/custom/finaldesign.php?design=26,0
dyermovie.com/about/cast,0
dyess.af.mil/library/index.asp,0
dyess.af.mil/photos/mediagallery.asp?page=2,0
dyestat.com/3us/3in/Findlay/e-div1.htm,0
dyestat.com/3us/6xc/JimDanner/results.htm,0
dyestat.com/?pg=dyestatcal-2009-Track--Calendar-0307Skyline,0
dyestat.com/?pg=reg1-2009-Outdoor-MA-MIAA-Massachusetts-State-Meets-All-State,0
dyestat.com/?pg=reg1-2009-XC-1-NJ-Cape-May-County,0
dyestat.com/?pg=reg12007Outdoor1MIAAChampionshipsdivision-championships,0
dyestat.com/?pg=reg2-2009-Indoor-KY-UK-Wildcat-Classic,0
dyestat.com/?pg=reg22008IndoorVACNUHSShowcaseResults,0
dyestat.com/?pg=reg3-2008-Outdoor-TX-Regions-TX-Reg-2-4A,0
dyestat.com/?pg=reg3-2009-Outdoor-TX-TAAF-Games-of-Texas,0
dyestat.com/?pg=reg3-2010-Outdoor-TX-Houston-Relays,0
dyestat.com/?pg=reg32007XCTX-results-TX-EP-Bowie,0
dyestat.com/?pg=reg3ar061007lakehamilton,0
dyestat.com/?pg=reg42007IndoorBolinbrookFastTimesInvite,0
dyestat.com/?pg=reg5-2008-Outdoor-MO-Kansas-City-Suburban-Big-Seven,0
dyestat.com/?pg=reg5MO-Kansas-City-Metro-Championships,0
dyestat.com/?pg=reg5RustyHodgeRelaysMO,0
dyestat.com/?pg=reg7-2009-Cross-Country-WA-090912-Tracy-Walters-Invite,0
dyestatcal.com/?pg=dyestatcal-2009-Cross-Country--Results-September-19-Trojan-Inv,0
dyestatcal.com/?pg=dyestatcal-2009-Track--Results-March-Week-2-07-Skyline-Inv-Results,0
dyestatcal.com/?pg=dyestatcal-2010-TrackField-Results-April-03-Oakland-Invite,0
dyestatcal.com/?pg=dyestatcal2008-XCountry-Results-September-Week-5-27-Bell-Jeff-Inv-Results,0
dyestatcal.com/?pg=dyestatcal2008-XCountry-Results-September-Week-5-27-Jim-Danner-Inv---Ore,0
dyestatcal.com/?pg=dyestatcal2008Track-Rankings-0513-California-State-All-Time,0
dyestatcal.com/?pg=dyestatcal2008Track-Road-To-State-Sections-Oakland-21-Section-Meet,0
dyestatcal.com/results/track2005/March/12Covina/Summ.html,0
dyestatil.com/?pg=dyestatil-2008-outdoor-upstate-8,0
dyestatil.com/?pg=dyestatil-2009-Cross-Country-St-Charles-East-Regional-102409,0
dyestatil.com/?pg=usInterval-Sessions-Outdoors08-IntSes61-MFinleyCO,0
dyestatnw.com/?pg=reg72008-Cross-Country-WA-090608-Tracy-Walters-Invite,0
dyestatnw.com/?pg=reg72008-Cross-Country-WA-100407-Curtis-Invite,0
dykema.com/bio/display.asp?empID=243,0
dykon-blasting.com/Archives/Abitibi/Abitibi.html,0
dynad.co.za/,0
dynamicimpressions.com/about_kathleen.htm,0
dynamicscare.com/blog/index.php/microsoft-dynamics-gp-10-0-spanish-latin-american-and-french-canadian-environments-service-pack-5/,0
dynamicwave.com/product.html,0
dynamotheory.com/2011/11/23/2583457/brian-ching-selected-in-expansion-draft-by-montreal-impact,0
dynamotheory.com/2011/3/23/2067701/dynamo-trade-dominic-oduro-to-chicago-fire-for-calen-carr,0
dyned.com/,0
dyrmdaily.com/977/monologue-i-am-comic-sans-asshole/,0
dys-add.com/symptoms.html,0
dyson.co.za/,0
dystonia-parkinsons.org/index.cfm?fuseaction=home.viewPage&page_id=22693731-96E5-94B5-33CA509AEB132D91,0
e-a-r.com/hearingconservation/earseminars.cfm,0
e-architect.co.uk/america/cathedral_christ_light.htm,0
e-architect.co.uk/architects/graeme_massie.htm,0
e-architect.co.uk/canada/mcgill_schulich_school_music.htm,0
e-architect.co.uk/canadian_architecture.htm,0
e-case.org/2009/Program-Education.htm,0
e-catworld.com/2011/06/daily-digest-of-rossi-quotes-june-5th-1mw-e-cat-plant-to-be-unveiled-last-week-of-october/,0
e-catworld.com/2011/10/rossis-e-cat-commercialization-plans-becoming-clearer/,0
e-chords.com/avantasia,0
e-chords.com/bass/marvin-gaye/distant-lover,0
e-chords.com/beau-dommage,0
e-chords.com/chords/bob-dylan/tangled-up-in-blue,0
e-chords.com/chords/dan-bigras/il-suffirait-de-presque-rien,0
e-chords.com/xutos-e-pontapes,0
e-clubhouse.org/sites/oaklandmontclair/,0
e-countryproperty.com/,0
e-dialog.com/,0
e-familytree.net/F3/F3635.htm,0
e-goat.co.uk/,0
e-ir.info/?p=2905,0
e-laws.gov.on.ca/html/repealedstatutes/english/elaws_rep_statutes_90r15_e.htm,0
e-mali.co.zw/,0
e-mortgages-uk.com/,0
e-pao.net/epPageSelector.asp?src=visit_manipur&ch=travel,0
e-patternscentral.com/list.html?cat_id=6,0
e-profession.com/records/Billy_Joel_record.htm,0
e-profession.com/records/Doobie_Brothers_record.htm,0
e-profession.com/records/Jimmy_Reed_record.htm,0
e-publishing.af.mil/,0
e-referencedesk.com/resources/counties/indiana/allen.html,0
e-referencedesk.com/resources/counties/texas/shackelford.html,0
e-revmotorsports.com.sg/Car%20Curtain.htm,0
e-revmotorsports.com.sg/Cargo%20Net.htm,0
e-soccer.com/news/news_f.aspx?CategoryID=145,0
e-tabs.org/tab/gadjits,0
e-tabs.org/tab/ripcordz,0
e-tech.cz/smrtiste/,0
e-yearbook.com/,0
e-yearbook.com/yearbooks/Bishop_O_Dowd_High_School_Mitre_Yearbook/1968/Page_122.html,0
e-yearbook.com/yearbooks/Bishop_O_Dowd_High_School_Mitre_Yearbook/1968/Page_13.html,0
e-yearbook.com/yearbooks/College_William_and_Mary_Colonial_Echo_Yearbook/1961/Page_274.html,0
e-yearbook.com/yearbooks/Dartmouth_College_Aegis_Yearbook/1963/Page_45.html,0
e-yearbook.com/yearbooks/Iowa_State_University_Bomb_Yearbook/1964/Page_463.html,0
e-yearbook.com/yearbooks/Kansas_State_University_Royal_Purple_Yearbook/1936/Page_356.html,0
e-yearbook.com/yearbooks/Kansas_University_Jayhawker_Yearbook/1964/Page_183.html,0
e-yearbook.com/yearbooks/Lima_Central_High_School_Annual_Mirror_Yearbook/1940/Page_47.html,0
e-yearbook.com/yearbooks/Lima_Central_High_School_Annual_Mirror_Yearbook/1940/Page_56.html,0
e-yearbook.com/yearbooks/Lowell_High_School_Spindle_Yearbook/1950/Page_130.html,0
e-yearbook.com/yearbooks/Lowell_High_School_Spindle_Yearbook/1950/Page_131.html,0
e-yearbook.com/yearbooks/Mississippi_University_Ole_Miss_Yearbook/1960/Page_236.html,0
e-yearbook.com/yearbooks/New_Haven_High_School_Mirage_Yearbook/1977/Page_20.html,0
e-yearbook.com/yearbooks/Northeast_High_School_Hurricane_Yearbook/1965/Page_77.html,0
e-yearbook.com/yearbooks/Pioneer_High_School_Torch_Yearbook/1984/Page_249.html,0
e-yearbook.com/yearbooks/UCLA_Bruin_Life_Yearbook/2008/Page_312.html,0
e-yearbook.com/yearbooks/University_Arizona_Desert_Yearbook/1985/Page_163.html,0
e-yearbook.com/yearbooks/University_California_Blue_Gold_Yearbook/1940/Page_410.html,0
e-yearbook.com/yearbooks/University_Michigan_Michiganensian_Yearbook/1984/Page_316.html,0
e-yearbook.com/yearbooks/University_Michigan_Michiganensian_Yearbook/1986/Page_333.html,0
e-yearbook.com/yearbooks/University_Texas_Cactus_Yearbook/1942/Page_372.html,0
e-yearbook.com/yearbooks/University_Texas_Cactus_Yearbook/1984/Page_472.html,0
e-yearbook.com/yearbooks/University_Washington_Tyee_Yearbook/1967/Page_492.html,0
e-yearbook.com/yearbooks/united_states_air_force_academy_colorado_springs_polaris_yearbook/1985/page_542.html,0
e2canada.com/information-technology-companies-of-canada/abilis-solutions,0
e4.com/skins/music/track-listing-series1.html,0
e4e.com/interactive-entertainment-services.php,0
e6townhall.com/archive/index.php/t-7501.html,0
ea.com/,0
ea.com/bulletstorm,0
ea.com/madden-nfl/blog/charles-johnson-free-agency-forecast,0
ea.com/madden-nfl?newsId=RegularSeasonSimulation,0
ea.com/madden-nfl?newsId=Release,0
ea.com/news/ea-and-insomniac-games-introduce-overstrike,0
ea.com/news/fifa-soccer-12-shows-off-new-moves-with-top-players,0
ea.com/news/need-for-speeds-sounds-of-the-run-series-starts-today,0
ea.com/overstrike,0
eaa231.org/Museum/Robin/Robin.htm,0
eaa838.com/,0
eaaunion.net/,0
eacaschool.com/,0
eacbs.com/,0
eachnotesecure.com/free-handsome-furs-tickets-up-for-grabs/,0
eachtown.com/Michigan/,0
eachtown.com/Michigan/City/Hart;19030/airports.html,0
eachtown.com/Ohio/City/Bath;31602/,0
eaglerockent.com/ecards/QueenRock/info.htm,0
eaglerockinteractive.com/,0
eaglesfans.com/timothy-b-schmit-discography/,0
eaglesgab.com/2011/09/11/philadelphia-eagles-start-the-season-off-strong-beat-the-st-louis-rams-31-13/,0
eaglespiritalaska.com/indians/henry-longfellow/,0
eagletribune.com/celebrations/x334282581/Allison-R-Radziwill-and-Philip-M-Kalil,0
eagletribune.com/obituaries/x1305242071/Matilda-Sirois-81,0
eagletribune.com/obituaries/x1697312738/Kevin-ONeill,0
eagletribune.com/obituaries/x2021664497/Ethel-Sirois,0
eagletribune.com/obituaries/x531749434/Jean-M-Archambault-51,0
eagletribune.com/obituaries/x803540922/Aline-L-Arel-98,0
eagletribune.com/obituaries/x850292021/Robert-T-Kalil-48,0
eagletribune.com/obituaries/x892953122/Michael-J-Padellaro-45/print,0
eagletribune.com/sports/x890682316/Lars-Anderson-talks-baseball-painting-the-guitar-and-more,0
ealg.com/KOAN.html,0
ealocksmith.com/Cleveland_Ohio,0
eamobile.com/Web/,0
eancestry.org/showsource.php?sourceID=S156&tree=nichols,0
eapoe.org/geninfo/poegrisw.htm,0
ear-rational.com/update/2010/week24-25.html,0
ear4music.org/page/4537051813,0
earbuddy.net/2011/10/braids-native-speaker-review.html,0
eardley.org/marriages/b1951-1960.htm,0
eardley.org/marriages/b1991-1999.htm,0
eargasmtransmission.com/,0
earlcarterlaw.com/,0
earlpickens.com/,0
earlyaeroplanes.com/archive4.htm,0
earlyamerica.com/,0
earlyamerica.com/series.html,0
earlyaviators.com/,0
earlyaviators.com/edumonb.htm,0
earlyaviators.com/edumonoh.htm,0
earlyaviators.com/ehamilto.htm,0
earlyaviators.com/ehistory.htm,0
earlybirdaviation.com.au/,0
earlyblues.com/Streaming%20The%20Blues.htm,0
earlyblues.com/blues%20interviews%20list.htm,0
earlycanberra.webs.com/general.htm,0
earlytelevision.org/rca_promo_films.html,0
earlytelevision.org/worlds_fair.html,0
earlyyearsonline.co.uk/directory/Yorkshire/North_Yorkshire/Scarborough/,0
earmilk.com/2011/01/12/corinne-bailey-rae-i-wanna-be-your-lover-prince-cover/,0
earmilk.com/2011/08/26/game-r-e-d-album-review/,0
earn-money--online.org/VintageElectronics/vintage-westinghouse/,0
earnmydegree.com/online%2Deducation/college%2Dcampus/missouri/fayette/central-methodist-university-college-of-liberal-arts-sciences.html,0
earnmydegree.com/online-education/online-college/pinnacle-career-institute.html,0
earthcam.com/japan/tokyo/,0
earthday.ca/hometown/finalists/2008/david_donnelly.php,0
earthdirectory.net/unitedstates,0
earthdocumentary.com/harry-frank-guggenheim-hall-of-minerals_new-york-city.htm,0
earthforums.com/shopping/jerseys-expos.shtml,0
earthhour.org/,0
earthinpictures.com/world/belgium/brussels/old_england_building.html,0
earthinstitute.columbia.edu/sop2006/bios/cohen_a.html,0
earthle.com/,0
earthmusic.net/hindi-film-songs.php?movie=Anari,0
earthprime.com/,0
earthquakesafety.com/whyretrofit/earthquake_history.html,0
earthsearch.net/featureIndex.php?type=int&start=1660000&end=1661000,0
earthsearch.net/featureIndex.php?type=int&start=2268000&end=2269000,0
earthsearch.net/featureIndex.php?type=int&start=5188000&end=5189000,0
earthshipaustralia.com/,0
earthstreasure.com/Bloodstone/Bloodstone-Ring.php,0
earthtechnologies.org/,0
earthtimes.org/,0
earthtron.com/electronic-components/AS44CC373CAEFR2,0
earthwatch.org/,0
earthworksaudio.com/featured-artists/gino-vannelli/,0
earthyfamily.com/year-of-tiger.htm,0
earthzine.org/2010/12/28/from-preparation-to-response-coastal-decision-support-during-the-caribbean-hurricane-season-2010-with-radarsat-2/,0
earzoom.co.uk/,0
easawa.com/videos/1294/kamande-wa-kioi-ninguguturira,0
easawa.com/videos/409/karanga-chapo.......kamande-wa-kioi,0
eascarborough.com/,0
eascarborough.com/beads/abeadindex.htm,0
easkiandsnowboard.com/,0
easkiandsnowboard.com/videos/,0
easkinestonvash.com/,0
